component,shape_type,triangles,volume,center_x,center_y,center_z,min_x,min_y,min_z,size_x,size_y,size_z,source_faces,classification,motion
Component_001,Compound,1860,15134.231038158705,240.5,317.5,101.24999999999999,235.5,312.5007241090031,-5.684341886080802e-14,10.0,9.998551781993854,202.50000000000009,7,unclassified,unknown
Component_002,Compound,1860,15134.23103815872,240.5,252.5,101.24999999999999,235.5,247.50072410900307,-5.684341886080802e-14,10.0,9.998551781993882,202.50000000000009,7,unclassified,unknown
Component_003,Compound,1860,15134.231038158698,280.5,317.5,101.24999999999999,275.5,312.50072410900304,-5.684341886080802e-14,10.0,9.99855178199391,202.50000000000009,7,unclassified,unknown
Component_004,Compound,1860,15134.231038158712,280.5,252.5,101.24999999999999,275.5,247.50072410900307,-5.684341886080802e-14,10.0,9.998551781993882,202.50000000000009,7,unclassified,unknown
Component_005,Compound,1860,7168.237759463675,174.9,300.0,52.6,169.9,295.0007241090031,-2.842170943040401e-14,10.0,9.998551781993854,105.20000000000006,7,unclassified,unknown
Component_006,Compound,1860,7168.237759463675,174.9,270.0,52.6,169.9,265.0007241090031,-2.842170943040401e-14,10.0,9.998551781993854,105.20000000000006,7,unclassified,unknown
Component_007,Compound,1860,7168.237759463687,14.900000000000007,300.0,52.6,9.900003060669029,295.0000028529232,-2.842170943040401e-14,9.999993878661957,9.999994294153566,105.20000000000006,7,unclassified,unknown
Component_008,Compound,1860,7168.237759463687,14.900000000000007,270.0,52.6,9.900003060669029,265.0000028529232,-2.842170943040401e-14,9.999993878661957,9.999994294153566,105.20000000000006,7,unclassified,unknown
Component_009,Compound,8648,22712.454031482248,261.0,285.0,205.0,231.5,242.5,202.5,59.0,85.0,5.0,27,unclassified,unknown
Component_010,Compound,13024,74584.92976897958,127.06,285.0,107.7,-24.49000000000001,255.0,105.2,303.1,60.0,5.0,39,unclassified,unknown
Component_011,Compound,96970,62327.418735246596,247.185,284.98,85.51000000000002,218.495,271.38,63.82000000000001,57.379999999999995,27.200000000000045,43.380000000000024,45,unclassified,unknown
Component_012,Compound,5578,5430.13609673315,91.0,285.0,126.69995873245324,81.0,264.0,110.2,20.0,42.0,32.99991746490649,15,unclassified,unknown
Component_013,Compound,2712,8481.381542286348,-3.0,285.0,126.78219999999999,-13.0,264.0,110.2,20.0,42.0,33.164399999999986,15,unclassified,unknown
Component_014,Compound,7148,13655.387392712068,418.06000000000006,284.9973776952195,118.950001512585,370.5599999999999,263.4973776952194,116.450001512585,95.00000000000034,43.000000000000114,5.0,28,unclassified,unknown
Component_015,Compound,92043,2451.5597456871847,271.875,308.225,286.5,258.65000000000003,296.15,280.6,26.44999999999999,24.150000000000034,11.799999999999955,68,unclassified,unknown
Component_016,Compound,79333,3820.2278647197227,417.01999488998285,228.574994410619,21.274599192431122,411.11999488998276,216.49999441061902,8.049198384862203,11.800000000000125,24.150000000000006,26.45080161513784,68,unclassified,unknown
Component_017,Compound,79333,3820.2278647197477,266.6745991924312,308.225,213.5,253.44919838486229,296.15,207.59999999999997,26.45080161513775,24.150000000000034,11.800000000000068,68,unclassified,unknown
Component_018,Compound,79333,3820.22786471976,-3.0,293.7745991924311,147.925,-8.900000000000034,280.5491983848622,135.85,11.800000000000068,26.450801615137777,24.150000000000006,68,unclassified,unknown
Component_019,Compound,79333,3820.2278647197595,91.0,293.7745991924311,147.925,85.09999999999997,280.5491983848622,135.85,11.800000000000068,26.450801615137777,24.150000000000006,68,unclassified,unknown
Component_020,Compound,79333,3820.2278647197904,449.56,296.37197688765013,159.175005303947,443.65999999999997,283.1465760800812,147.100005303947,11.800000000000068,26.450801615137777,24.150000000000006,68,unclassified,unknown
Component_021,Compound,79333,3820.227864719723,399.01999488998285,228.574994410619,21.274599192431122,393.11999488998276,216.49999441061902,8.049198384862203,11.800000000000125,24.150000000000006,26.45080161513784,68,unclassified,unknown
Component_022,Compound,79333,3820.2278647197904,376.56,291.1719768876501,159.175005303947,370.65999999999997,277.94657608008123,147.100005303947,11.800000000000068,26.450801615137777,24.150000000000006,68,unclassified,unknown
Component_023,Compound,79333,3820.227864719739,431.2404213671047,296.41469359320575,46.70000000000001,419.1612860325803,283.17845194135356,40.79999999999997,24.158270669048875,26.472483303704394,11.800000000000082,68,unclassified,unknown
Component_024,Compound,79333,3820.227864719629,431.2502253531967,291.21470283534273,99.70000000000002,419.17109001867226,277.97846118349054,93.79999999999997,24.158270669048875,26.472483303704394,11.800000000000082,68,unclassified,unknown
Component_025,Compound,8124,85725.15331978147,133.06,285.0,-2.499999999999999,-24.49000000000001,242.5,-5.0000000000000036,315.1,85.0,5.000000000000009,40,unclassified,unknown
Component_026,Compound,3020,56172.12638271158,408.01999488998297,284.99999441061897,-2.4999999999999996,383.0199948899829,169.99999441061897,-5.00000000000025,50.00000000000006,230.0,5.0000000000005,20,unclassified,unknown
Component_027,Compound,106380,36433.35016826453,324.305062293364,285.0,54.10445223721841,279.10506229336397,246.3,-5.000000000000028,90.40000000000003,77.39999999999998,118.20890447443688,74,unclassified,unknown
Component_028,Compound,106972,34358.89618543436,408.0199948899817,155.71996466942375,53.7101743302432,369.319994889981,104.5999999999976,-5.000000000003663,77.40000000000146,102.23992933885225,117.42034866049373,82,unclassified,unknown
Component_029,Compound,3436,3285.5567790471687,246.995,265.87999999999994,85.20000000000002,217.995,260.37999999999994,65.2,58.0,11.0,40.000000000000014,18,unclassified,unknown
Component_030,Compound,3436,3285.5568519879153,246.995,304.08,85.20000000000002,217.995,298.58,65.2,58.0,11.0,40.000000000000014,18,unclassified,unknown
Component_031,Compound,6068,7807.484324287838,460.56,284.9973801205085,135.950001512585,455.5599999999998,263.49738012050847,121.450001512585,10.000000000000455,43.000000000000114,29.0,30,unclassified,unknown
Component_032,Compound,40153,3963.7289325425672,76.89999999999998,285.0,130.2,18.79999999999994,277.00026365996644,122.20109447908862,116.20000000000006,15.999472680067129,15.997811041822757,15,unclassified,unknown
Component_033,Compound,20324,521.0189547788655,310.55999999999995,283.9160449275861,121.42938890363348,305.1404600167198,278.4978906089626,115.85641914035737,10.839079966560291,10.836308637246987,11.145939526552198,17,unclassified,unknown
Component_034,Compound,656,10547.439872631254,162.4,285.0,124.19999999999999,127.0,277.5,110.7,70.80000000000001,15.0,26.999999999999986,9,unclassified,unknown
Component_035,Compound,35002,4831.170257488985,260.4999999999995,285.00000000000125,231.35000000000005,252.50001790129264,277.0000027897624,186.49999999999994,15.999964197413732,15.999994420477776,89.70000000000022,16,unclassified,unknown
Component_036,Compound,29900,34686.192573797205,408.0199965179123,284.99913096410705,73.19999999999999,393.49656909448197,270.4821882979852,40.69999999999983,29.04685484686064,29.033885332243642,65.00000000000031,286,unclassified,unknown
Component_037,Compound,1296,6350.862063469901,230.56,285.0,134.2,225.31,270.0,121.2,10.5,30.0,25.999999999999986,16,unclassified,unknown
Component_038,Compound,1312,7637.788101250102,193.06,285.0,128.7,187.81,270.0,110.2,10.5,30.0,36.999999999999986,20,unclassified,unknown
Component_039,Compound,112,22820.000000000917,211.81,285.0,203.20000000000005,196.81,270.0,128.20000000000002,30.0,30.0,150.00000000000003,26,unclassified,unknown
Component_040,Compound,54230,10105.177105399753,401.40999999999997,284.99737769521903,135.95000530394702,359.56,270.297326819772,121.17208134774909,83.69999999999999,29.40010175089401,29.55584791239589,130,unclassified,unknown
Component_041,Compound,32828,25489.323840825797,330.06000000000006,284.997377695219,135.95000530394674,300.56,270.1728020747013,121.12542968342905,59.00000000000006,29.649151241035383,29.649151241035412,20,unclassified,unknown
Component_042,Compound,9750,21699.827424558112,211.81,306.75,128.70000000000002,187.81,298.5,110.2,48.0,16.5,37.000000000000014,42,unclassified,unknown
Component_043,Compound,8659,22228.378284030532,211.81,263.25,128.70000000000002,187.81,254.99999999999997,110.2,48.0,16.50000000000003,37.000000000000014,42,unclassified,unknown
Component_044,Compound,1824,11034.430531807404,260.49999999999994,285.0,180.13939193540898,248.00000623223846,272.50010092629987,165.13939193540898,24.99998753552299,24.999798147400327,30.00000000000003,6,unclassified,unknown
Component_045,Compound,14708,7988.358451728904,408.0199948899828,284.99999441061914,16.025000000000055,393.02014038855344,270.00013990922594,1.3499999999999501,29.999709002858708,29.999709002786403,29.35000000000021,43,unclassified,unknown
Component_046,Compound,50844,8591.974439892878,408.01999651791186,284.999130964107,84.60000000000002,393.49656909448197,270.4821882979852,52.74999999999989,29.046854846859844,29.033885332243585,63.70000000000025,130,unclassified,unknown
Component_047,Compound,6780,13682.778563000193,408.01999488998285,284.99999441061897,33.2,378.01999488998285,255.00001306229905,30.699999999999697,60.00000000000006,59.99996269663984,5.000000000000611,15,unclassified,unknown
Component_048,Compound,8140,13153.406842142322,408.01999651791186,284.999130964107,38.2,378.02000541797156,254.99918428413028,35.699999999999704,59.99998219988066,59.999893359953404,5.000000000000597,19,unclassified,unknown
Component_049,Compound,59261,19122.1144132224,43.999999999999986,285.0,130.20000000000002,-26.00000000000003,276.0,121.2,140.00000000000003,18.0,18.000000000000014,72,unclassified,unknown
Component_050,Compound,12,6250.000000000001,212.31,285.5,115.2,199.81,273.0,110.2,25.0,25.0,10.0,6,unclassified,unknown
Component_051,Compound,12,6250.000000000001,212.31,285.5,135.2,199.81,273.0,130.2,25.0,25.0,10.0,6,unclassified,unknown
Component_052,Compound,12,6250.000000000001,212.31,285.5,155.20000000000002,199.81,273.0,150.20000000000002,25.0,25.0,10.0,6,unclassified,unknown
Component_053,Compound,12,6250.000000000001,212.31,285.5,175.2,199.81,273.0,170.2,25.0,25.0,10.0,6,unclassified,unknown
Component_054,Compound,12,6250.000000000001,212.31,285.5,195.20000000000002,199.81,273.0,190.20000000000002,25.0,25.0,10.0,6,unclassified,unknown
Component_055,Compound,12,6250.000000000001,212.31,285.5,215.2,199.81,273.0,210.2,25.0,25.0,10.0,6,unclassified,unknown
Component_056,Compound,12,6250.000000000001,212.31,285.5,235.2,199.81,273.0,230.2,25.0,25.0,10.0,6,unclassified,unknown
Component_057,Compound,12,6250.000000000001,212.31,285.5,255.2,199.81,273.0,250.2,25.0,25.0,10.0,6,unclassified,unknown
Component_058,Compound,12,6249.999999999998,212.31,285.5,125.19999999999999,199.81,273.0,120.2,25.0,25.0,9.999999999999986,6,unclassified,unknown
Component_059,Compound,12,6250.000000000001,212.31,285.5,145.2,199.81,273.0,140.2,25.0,25.0,10.0,6,unclassified,unknown
Component_060,Compound,12,6250.000000000001,212.31,285.5,165.20000000000002,199.81,273.0,160.20000000000002,25.0,25.0,10.0,6,unclassified,unknown
Component_061,Compound,12,6250.000000000001,212.31,285.5,185.20000000000002,199.81,273.0,180.20000000000002,25.0,25.0,10.0,6,unclassified,unknown
Component_062,Compound,12,6250.000000000001,212.31,285.5,205.2,199.81,273.0,200.2,25.0,25.0,10.0,6,unclassified,unknown
Component_063,Compound,12,6250.000000000001,212.31,285.5,225.20000000000002,199.81,273.0,220.20000000000002,25.0,25.0,10.0,6,unclassified,unknown
Component_064,Compound,12,6250.000000000001,212.31,285.5,245.2,199.81,273.0,240.2,25.0,25.0,10.0,6,unclassified,unknown
Component_065,Compound,12,6250.000000000001,212.31,285.5,265.2,199.81,273.0,260.2,25.0,25.0,10.0,6,unclassified,unknown
Component_066,Compound,17876,1533.2779785388373,211.81,253.49966601840765,116.70000000000002,205.8100363408812,245.99933203677006,110.70003634088123,11.99992731823761,15.000667963275191,11.999927318237567,37,unclassified,unknown
Component_067,Compound,31188,43733.1574371731,260.5,285.0,250.0,246.0,270.5,207.5,29.0,29.0,85.0,290,unclassified,unknown
Component_068,Compound,41110,105166.9915985614,408.02052647629614,292.7499944106189,14.050000000000054,386.27105806260954,237.29999441061892,-1.9000000000000616,43.49893682737326,110.90000000000003,31.900000000000233,228,unclassified,unknown
Component_069,Compound,29900,43774.98941795378,413.06000000000006,284.997377695219,135.95000530394702,370.56,270.497377695219,121.45000530394702,85.00000000000006,29.0,29.0,286,unclassified,unknown
